nm0000005	Ingmar Bergman	1918	2007	writer,director,actor	tt0050986,tt0060827,tt0083922,tt0050976
nm0000085	Henner Hofmann	\N	\N	cinematographer,producer,camera_department	tt0829176,tt0272147,tt0249313,tt0208675
nm0000113	Sandra Bullock	1964	\N	producer,actress,soundtrack	tt0878804,tt0212346,tt1041829,tt1454468
nm0000188	Steve Martin	1945	\N	writer,actor,soundtrack	tt0338427,tt0120910,tt0131325,tt0079367
nm0000256	Jenny Agutter	1952	\N	actress,soundtrack	tt0067959,tt1843866,tt0848228,tt0074812
nm0000276	Sean Astin	1971	\N	actor,producer,director	tt0089218,tt0167260,tt0120737,tt0167261
nm0000305	Mel Blanc	1908	1989	actor,soundtrack,music_department	tt0096438,tt0088491,tt0051189,tt0053502
nm0000353	Willem Dafoe	1955	\N	actor,soundtrack,producer	tt0266543,tt0091763,tt0145487,tt2278388
nm0000420	Valeria Golino	1965	\N	actress,producer,soundtrack	tt0102059,tt0095953,tt0120679,tt0113101
nm0000491	John Leguizamo	1964	\N	actor,writer,producer	tt0268380,tt0203009,tt0438097,tt0117509
nm0000519	David Mamet	1947	\N	writer,producer,director	tt0104348,tt0122690,tt0094226,tt0212985
nm0000574	Jason Patric	1966	\N	actor,producer	tt0120179,tt0478134,tt0272207,tt0093437
nm0000608	Burt Reynolds	1936	\N	actor,director,producer	tt0098790,tt0398165,tt0068473,tt0118749
nm0000615	John Ritter	1948	2003	actor,producer,soundtrack	tt0103437,tt0075596,tt0117666,tt0307987
nm0000640	Martin Sheen	1940	\N	actor,producer,soundtrack	tt0264464,tt0078788,tt0407887,tt0200276
nm0000761	Bibi Andersson	1935	\N	actress,soundtrack	tt0092603,tt0050986,tt0050976,tt0060827
nm0000910	Joan Bennett	1910	1990	actress,soundtrack	tt0038057,tt0043526,tt0059978,tt0042451
nm0000929	Corbin Bernsen	1954	\N	actor,producer,writer	tt0090466,tt0373469,tt0491738,tt0056758
nm0000957	Jan de Bont	1943	\N	cinematographer,producer,camera_department	tt0099810,tt0104714,tt0103772,tt0095016
nm0000973	Benjamin Bratt	1963	\N	actor,producer	tt1690953,tt1211837,tt0098844,tt0212346
nm0001065	Harry Connick Jr.	1967	\N	actor,soundtrack,music_department	tt0310007,tt0229250,tt0129167,tt0319931
nm0001262	Ben Gazzara	1930	2012	actor,director,soundtrack	tt0058844,tt0052561,tt0155267,tt0118715
nm0001348	Werner Herzog	1942	\N	director,writer,actor	\N
nm0001714	Campbell Scott	1961	\N	actor,producer,director	tt0948470,tt1872181,tt0105415,tt0404032
nm0001980	Carter Burwell	1955	\N	music_department,composer,soundtrack	tt1403865,tt0780536,tt0120601,tt0116282
nm0002048	Melvyn Douglas	1901	1981	actor,soundtrack	tt0031725,tt0080516,tt0057163,tt0078841
nm0002061	Maurice Elvey	1887	1967	director,producer,writer	tt0024989,tt0017998,tt0027131,tt0018996
nm0002187	Giorgos Arvanitis	\N	\N	cinematographer,camera_department,producer	tt0170705,tt0114702,tt0156794,tt0114863
nm0002291	Joanna Jimenez	\N	\N	editorial_department,sound_department,editor	tt0097351,tt0091867,tt0329717,tt0103644
nm0002311	Montagu Love	1880	1943	actor,soundtrack	tt0019585,tt0032762,tt0031398,tt0029843
nm0002470	M. David Mullen	1962	\N	cinematographer,camera_department,actor	tt1001482,tt1131734,tt0469263,tt0437800
nm0003210	C. Ernst Harth	1970	\N	actor,soundtrack,miscellaneous	tt0245674,tt3816458,tt1319743,tt0379725
nm0003302	Yasha Aginsky	1944	\N	editor,director,cinematographer	tt0225948,tt2304499,tt0224749,tt0225919
nm0003572	William Olsen	1950	\N	director,writer,camera_department	tt0130758,tt0085588,tt0120173,tt0130982
nm0003662	Graham Yost	1959	\N	producer,writer,miscellaneous	tt0111257,tt0115759,tt0272020,tt1489428
nm0004447	Peter Lhotka	\N	\N	producer,production_manager,art_department	tt0281432,tt1933836,tt0486051,tt0862856
nm0004500	Geary McLeod	\N	\N	cinematographer,camera_department,director	tt0274415,tt1196946,tt0795438,tt0138353
nm0005003	Sean Hayes	1970	\N	producer,actor,soundtrack	tt1830617,tt1453405,tt0825232,tt0157246
nm0005079	Josh Keaton	1979	\N	actor,music_department,soundtrack	tt0056758,tt0976192,tt1724587,tt0119282
nm0005202	Eric McCormack	1963	\N	actor,producer,soundtrack	tt1761811,tt0157246,tt1714204,tt0141105
nm0005221	Christopher Meloni	1961	\N	actor,director,producer	tt0115736,tt0453562,tt0203259,tt0770828
nm0005226	Debra Messing	1968	\N	actress,producer,soundtrack	tt0157246,tt0343135,tt1127107,tt0372532
nm0005259	Megan Mullally	1958	\N	actress,soundtrack,producer	tt1325113,tt2179116,tt0157246,tt0389790
nm0005301	Amanda Pays	1959	\N	actress	tt0098798,tt0087866,tt0101834,tt0097737
nm0005337	Theresa Randle	1964	\N	actress	tt0172156,tt0120177,tt0117705,tt0112442
nm0005631	José F. Aguayo	\N	1999	cinematographer,camera_department	tt0061633,tt0055601,tt0066491,tt0052598
nm0005691	Jack Draper	1892	\N	cinematographer,camera_department,director	tt0040862,tt0041725,tt0032186,tt0041696
nm0005809	Joseph-Louis Mundwiller	1886	1967	cinematographer,camera_department,director	tt0018045,tt0018192,tt0132068,tt0256939
nm0005880	Leonard J. South	1913	2006	cinematographer,camera_department,editor	tt0061747,tt0074512,tt0060034,tt0076137
nm0005959	Giuseppe Becce	1877	1973	composer,soundtrack,music_department	tt0012494,tt0015064,tt0022867,tt0010323
nm0005979	Robert F. Brunner	1938	2009	composer,music_department,soundtrack	tt0062737,tt0046593,tt0059793,tt0065566
nm0006251	Graeme Revell	1955	\N	composer,music_department,soundtrack	tt0134847,tt0910936,tt0287978,tt0401792
nm0007220	Ricardo Cortez	1900	1977	actor,director,soundtrack	tt0022111,tt0028478,tt0031678,tt0017480
nm0009530	Alon Aboutboul	1965	\N	actor,director,soundtrack	tt0095956,tt0758774,tt1345836,tt3300542
nm0014761	Roberto Airaldi	1902	1977	actor,director	tt0062444,tt0184789,tt0195080,tt0068895
nm0015118	Shigeru Akatsuka	\N	\N	cinematographer	tt0073234,tt0451930,tt0142257,tt0076281
nm0017793	Iván Aledo	\N	\N	editor,actor,editorial_department	tt0117909,tt0254455,tt0427582,tt0133363
nm0018085	Haralambos Alepis	\N	\N	editor,editorial_department,composer	tt0257632,tt0217704,tt0236462,tt0251715
nm0018951	A. Alexeyev	\N	\N	director,writer	tt0291260,tt0201711,tt0291425
nm0022765	Héctor Alterio	1929	\N	actor,soundtrack	tt0219426,tt0292542,tt0124312,tt0089276
nm0033161	Luis Arata	1895	1967	actor	tt0205093,tt0029220,tt0197494,tt0024697
nm0033169	Ubaldo Arata	1895	1947	cinematographer,camera_department	tt0041182,tt0029526,tt0038890,tt0025791
nm0033346	Sivan Arbel	\N	\N	director,writer,editor	tt0385744,tt0157669,tt0116424,tt1556676
nm0034506	Giannis Argyris	\N	1993	actor	tt0124437,tt0055375,tt0200448,tt0291948
nm0034922	Aristophanes	\N	\N	writer	tt4594834,tt0201742,tt0062981,tt0335261
nm0035037	Aleksandr Arkatov	\N	\N	director,writer	tt0220043,tt0206781,tt0210791,tt0009616
nm0035532	Martin Armknecht	1962	\N	actor,producer	tt0109255,tt0114335,tt0115448,tt0088554
nm0036445	Franz Arnold	1878	1960	writer	tt0202369,tt0169079,tt0281143,tt0054600
nm0036854	Bosco Arochi	\N	\N	director,producer,writer	tt0427930,tt0454185,tt0237143,tt0321622
nm0039920	Jacques Assuérus	\N	\N	cinematographer,camera_department	tt0083863,tt0089762,tt0094178,tt0089103
nm0040695	David Atkinson	\N	\N	actor,production_manager,miscellaneous	tt1777595,tt0373084,tt0201726,tt2436672
nm0042553	William Austin	1903	1993	editor,editorial_department,cinematographer	tt0052602,tt0056331,tt0037303,tt0052587
nm0043247	Vasilis Avlonitis	\N	1970	actor,soundtrack	tt0199550,tt0135573,tt0135519,tt0051927
nm0045310	Ernst Bach	1876	1929	writer	tt0281143,tt0169079,tt0054600,tt0202369
nm0048687	Leigh-Allyn Baker	1972	\N	actress,director,soundtrack	tt2219622,tt1415889,tt1828976,tt1073668
nm0051502	Junzaburô Ban	1908	1981	actor,producer	tt0052413,tt0451987,tt3862080,tt0065649
nm0052023	Donatas Banionis	1924	2014	actor	tt0067155,tt0063332,tt0201707,tt0069293
nm0053349	Antonio Barber	\N	\N	actor	tt0017852,tt0017892,tt0020177
nm0054218	Juan Bardem	\N	\N	composer,music_department,soundtrack	tt1543270,tt0484064,tt2780380,tt0306432
nm0054221	Miguel Bardem	\N	\N	director,editorial_department,writer	tt0201721,tt0970469,tt0382097,tt0117131
nm0054977	Reginald Barker	1886	1945	director,writer,producer	tt0025515,tt0006517,tt0005149,tt0003657
nm0056401	Vartkes Baronijan	1933	1993	composer,music_department,producer	tt0193072,tt0086630,tt0080069,tt0174053
nm0058217	William Barrymore	1899	1979	actor	tt0020170,tt0156959,tt0174282,tt0315812
nm0060654	Henry Bataille	1872	1922	writer	tt0019172,tt0025681,tt0020134,tt0031251
nm0061505	Gregory Battle	\N	\N	actor	tt0181311,tt0313341,tt0240409,tt0120172
nm0061615	C.J. Bau	\N	\N	actor	tt0361969,tt0113972,tt0117731,tt0169981
nm0061682	Henri Baudin	1882	1953	actor	tt0198912,tt0018192,tt0334647,tt0199413
nm0064053	Ted Beasley	\N	\N	cinematographer	tt0012343,tt0012017
nm0066120	Tomasz Bednarek	1969	\N	actor	tt1135081,tt1205603,tt0385061,tt0182607
nm0066664	Leslie Bega	1967	\N	actress,miscellaneous	tt0090444,tt0247082,tt0113161,tt0141842
nm0067429	Ivan Bekjarev	1946	\N	actor,writer	tt0090399,tt0169145,tt0191733,tt0425695
nm0069348	Dirce Belmonte	1927	\N	actress	tt0201756,tt0193737,tt0180681,tt0228484
nm0073239	George Beranger	1893	1973	actor,director,writer	tt0009968,tt0004972,tt0040740,tt0016629
nm0075142	Adolf Bergunker	1906	\N	director,assistant_director	tt0240001,tt0048631,tt0050917,tt0053817
nm0075244	Gabriel Beristain	1955	\N	cinematographer,camera_department,producer	tt0421073,tt0257076,tt0359013,tt0187738
nm0079007	Wayne Best	\N	\N	actor	tt0096101,tt0098273,tt0455321,tt0132245
nm0079293	Lloyd Bettell-Higgins	\N	\N	visual_effects,writer	tt0115195,tt0241527,tt0098774
nm0080339	Amit Bhattacharya	\N	\N	cinematographer,camera_department	tt0385567,tt0272440,tt0184799,tt0802821
nm0081730	Daniel Bigel	1965	\N	producer,executive	tt0242508,tt0165643,tt0124179,tt0262396
nm0083343	Betty Bird	1901	1998	actress	tt0022417,tt0018794,tt0464221,tt0020719
nm0085226	Cilla Black	1943	2015	soundtrack,actress	tt0088486,tt0166923,tt0086810,tt0182566
nm0091380	Carl Boese	1887	1958	director,writer,producer	tt0011237,tt0024099,tt0030165,tt0031399
nm0091415	Hermann Böttcher	1866	1935	actor,cinematographer	tt0441298,tt0012806,tt0018656,tt0024798
nm0094047	Steve Bond	1953	\N	actor	tt0056758,tt0086793,tt0233657,tt0095867
nm0094799	Giulio Bonnard	1885	1972	composer	tt0035709,tt0035131,tt0025827,tt0040235
nm0094801	Mario Bonnard	1889	1965	director,actor,writer	tt0034085,tt0129950,tt0054422,tt0051342
nm0095487	Bernice Boone	\N	\N	writer,miscellaneous	tt0025301,tt0020171,tt0030359
nm0096820	Vojkan Borisavljevic	1947	\N	composer	tt0187231,tt0933016,tt0415313,tt6319010
nm0096846	Oleg Borisov	1929	1994	actor,director	tt0104776,tt0053258,tt0087878,tt0096121
nm0097008	Susanne Bormann	1979	\N	actress	tt0325734,tt2359935,tt0765432,tt0136423
nm0097278	Henryk Borowski	1910	1991	actor	tt0172017,tt0091290,tt0069492,tt0054004
nm0097727	Henri Bosc	1884	1967	actor	tt0487510,tt0030252,tt0192580,tt0473198
nm0099244	Régine Bouet	\N	\N	actress	tt0192084,tt0923839,tt0812225,tt0201839
nm0106785	Edmund Breese	1871	1936	actor,writer,director	tt0023969,tt0022268,tt0023038,tt0020629
nm0109140	Israel Bright	\N	\N	composer,soundtrack,actor	tt1620790,tt1290398,tt0295281,tt0316218
nm0110805	Brendan Broderick	\N	\N	assistant_director,writer,actor	tt0192701,tt0112594,tt0140519,tt0109301
nm0110819	Joe Broderick	\N	\N	camera_department,cinematographer	tt0112022,tt0099703,tt0395843,tt0115325
nm0113768	James Brown	1933	2006	soundtrack,actor,composer	tt0418279,tt1853728,tt0317248,tt0120735
nm0113954	Karl Brown	1896	1990	writer,cinematographer,camera_department	tt0018446,tt0022895,tt0034336,tt0035640
nm0115306	Erika Broyer	\N	\N	actress,soundtrack	tt0230624,tt1109557,tt6145930,tt0218801
nm0115597	Virginia Bruce	1910	1982	actress,soundtrack	tt0027387,tt0032637,tt0027698,tt0035173
nm0115874	Pierre Brulatour	\N	\N	actor	tt0101514,tt0088863,tt0375104,tt0123003
nm0120006	A. Bulla	\N	\N	cinematographer	tt0291425,tt0201711,tt0291260
nm0120241	Mirko Bulovic	1930	2009	actor	tt0213881,tt0111646,tt0174108,tt0201199
nm0120802	Jesse Burch	1970	\N	actor	tt0377109,tt0408790,tt0413099,tt1606378
nm0121195	Germain Burger	\N	1985	cinematographer,director,producer	tt0201751,tt0201580,tt0165357,tt0148063
nm0122991	C.C. Burr	1891	1956	producer,miscellaneous,director	tt0023610,tt0024688,tt0023609,tt0023075
nm0123399	Barbara Bursztynowicz	1954	\N	actress	tt0182607,tt0081003,tt5920980,tt5662990
nm0123972	Ernst Busch	1900	1980	actor,music_department,soundtrack	tt0053846,tt0023104,tt0022204,tt0022017
nm0124079	Timothy Busfield	1957	\N	actor,producer,director	tt0097351,tt0088000,tt0200276,tt0092492
nm0130977	Néstor Calvo	\N	\N	cinematographer,camera_department	tt0212311,tt1825755,tt1249368,tt4480494
nm0136025	Kostas Karagiannis	\N	1993	director,writer,producer	tt0204836,tt0232025,tt0074769,tt0202216
nm0136344	José Cardella	\N	\N	editor	tt0121631,tt0048721,tt0199455,tt0200468
nm0138624	Matthew Carnahan	1961	\N	writer,producer,director	tt1797404,tt0118730,tt0157245,tt0496275
nm0139159	Sandra Caron	\N	\N	actress,writer	tt0061591,tt0062739,tt0064133,tt0098774
nm0139279	Betty Carpenter	1899	1982	actress	tt0013000,tt1495666,tt0009059,tt0012017
nm0140504	Leo Carrillo	1881	1961	actor,soundtrack	tt0036261,tt0025464,tt0025948,tt0042093
nm0144819	Jack Castello	\N	\N	actor	tt0018793,tt0183960,tt0134662,tt0020177
nm0147445	Eloísa Cañizares	\N	2002	actress	tt0278214,tt0310936,tt0185958,tt0201702
nm0150670	Émilien Champetier	\N	\N	director,actor,writer	tt0191107,tt0202044,tt0201605,tt0191203
nm0151359	Erin Chandler	\N	\N	actress,writer,producer	tt0201737,tt0316693,tt0151301,tt0109278
nm0151610	Norman 'Chubby' Chaney	1914	1936	actor	tt0021339,tt0021275,tt0020671,tt0019715
nm0153002	Craig Charles	1964	\N	actor,soundtrack,writer	tt0369011,tt0200659,tt0094535,tt0053494
nm0153581	Ron Chartier	\N	\N	actor,producer,production_manager	tt0311863,tt0409459,tt0081291,tt0120667
nm0155545	Bugao Cheng	\N	\N	director,writer	tt0192270,tt0191889,tt0192826,tt0192186
nm0155599	Mark Cheng	1964	\N	actor	tt0491244,tt0090952,tt1010012,tt0499556
nm0158166	Boris Chirkov	1901	1982	actor,director	tt0032104,tt0027235,tt0038566,tt0029740
nm0160522	Vasilis Hristomoglou	\N	\N	cinematographer,camera_department,producer	tt0230938,tt0068939,tt1168671,tt0201976
nm0160899	Wai-Lim Chu	\N	\N	actor,camera_department	tt0111835,tt0095542,tt0100047,tt0123328
nm0161598	Yelena Chyornaya	\N	\N	actress	tt0271467,tt0062017
nm0162801	Vincent Cirrincione	\N	\N	producer,manager,executive	tt0407936,tt0914863,tt0840979,tt0172348
nm0163782	Cindy Clark	\N	\N	producer,assistant_director,camera_department	tt0138956,tt0120172,tt3077336,tt0364842
nm0163892	Duane Clark	\N	\N	director,producer,assistant_director	tt0171311,tt0120172,tt0106418,tt0181876
nm0163988	Clark Gregg	1962	\N	actor,writer,director	tt1024715,tt2364582,tt0462128,tt0848228
nm0165872	Siobhan Cleary	\N	\N	composer,actress,producer	tt0193859,tt0120174,tt2211684,tt1806820
nm0166393	Anne de Clercq	\N	\N	director,writer,cinematographer	tt4768902,tt1470993,tt3666734,tt1422745
nm0169807	Tani Cohen	\N	\N	producer,miscellaneous,actress	tt0207524,tt0160338,tt0238552,tt0262776
nm0169834	Yogi Cohen	\N	\N	director,producer	tt0201738
nm0172812	Wilson Collison	1893	1941	writer	tt0023382,tt0030396,tt0037421,tt0046085
nm0178114	Jackie Cooper	1922	2011	actor,director,producer	tt0022397,tt0078346,tt0021730,tt0081573
nm0178961	Jean Coquelin	1865	1944	actor	tt0031309,tt0028847,tt0015530,tt0020814
nm0181871	Nelo Cosimi	\N	1945	actor,director,writer	tt0190575,tt0190324,tt0190394,tt0190560
nm0183857	Jerome Courtland	1926	2012	director,actor,producer	tt0041163,tt0081856,tt0078638,tt0081858
nm0186322	Chilton Crane	\N	\N	actress	tt0304023,tt0309593,tt1661820,tt1306980
nm0186962	Sophia Crawford	1966	\N	stunts,actress,miscellaneous	tt0112216,tt0103460,tt0118276,tt0106064
nm0191330	Karl Cukmajer	\N	\N	writer	tt0201704
nm0191584	Jeremiah Cullinane	\N	\N	director,producer,assistant_director	tt1806820,tt0193859,tt0120174,tt0128145
nm0192083	Andrea Cunderlíková	1952	\N	actress	tt0175576,tt0179328,tt0281104,tt0122654
nm0193015	Richard C. Currier	1892	1984	editor,editorial_department,director	tt0278213,tt0019688,tt0023251,tt2380776
nm0193638	Jan Curík	1924	1996	cinematographer,writer,director	tt0175743,tt0066516,tt0058259,tt0065241
nm0194119	Djurdjija Cvetic	1942	2015	actress	tt0228981,tt0180882,tt0200143,tt0192346
nm0194283	Hartmut Cyriacks	\N	\N	writer	tt0273835,tt0130248,tt0120175,tt4070102
nm0195679	Mme. d'Esterre	\N	\N	actress	tt0251405,tt0201580,tt0321935,tt0207448
nm0196613	Nikos Dadinopoulos	1944	2012	actor	tt0255087,tt0252817,tt1569439,tt0199072
nm0196992	Eva Dahlbeck	1920	2008	actress,soundtrack,writer	tt0052017,tt0048641,tt0047167,tt0048272
nm0197929	Giannis Dalianidis	1923	2010	director,writer,actor	tt0136211,tt0254042,tt0230505,tt0230172
nm0199753	Daniela	\N	\N	actress	tt0185975,tt0261360,tt0201736
nm0201013	Clara Darcey-Roche	\N	\N	actress	tt0192681,tt0201514,tt0190585,tt0016112
nm0201231	Gérard Darier	\N	\N	actor	tt0158532,tt0094828,tt1480072,tt0315152
nm0202209	Ewald Daub	1889	1946	cinematographer,miscellaneous	tt0036818,tt0034457,tt0027351,tt0032672
nm0202562	Alice Davenport	1864	1936	actress	tt0004499,tt0003104,tt0004284,tt0003760
nm0206526	Miriam Di San Servolo	1923	1991	actress,costume_designer	tt0038509,tt0035516,tt0034456,tt0043056
nm0210114	Marivaux	1688	1763	writer	tt0119617,tt3166602,tt0233709,tt0253840
nm0210458	Suzana de Moraes	1940	2015	actress,director,assistant_director	tt0110514,tt0081722,tt0188132,tt1235054
nm0211143	Fiore De Rienzo	\N	\N	actor,assistant_director,director	tt0092017,tt0387960,tt2057425,tt0128051
nm0215360	Paulette del Baze	\N	\N	actress	tt0201751
nm0216616	Floren Delbene	\N	\N	actor,writer	tt0122901,tt0041279,tt0201658,tt0178268
nm0217285	Maurizio Dell'Orco	\N	\N	cinematographer,camera_department	tt0101467,tt0092017,tt0409285,tt0099519
nm0217848	Maly Delschaft	1898	1995	actress	tt0015064,tt0169889,tt0189915,tt0016481
nm0221835	Manos Destounis	1937	\N	actor,director,writer	tt1745761,tt0067853,tt1147657,tt3919316
nm0223616	France Dhélia	1894	1964	actress	tt0201815,tt0307400,tt0199893,tt0240049
nm0225118	Luigi Diberti	1939	\N	actor	tt0107485,tt0110116,tt0117658,tt0357031
nm0225810	Pierre Didier	\N	\N	editor,actor	tt0480703,tt0105683,tt0098986,tt0348874
nm0227234	Danny Dimbort	\N	\N	producer,miscellaneous,executive	tt1320253,tt0462499,tt1764651,tt0993846
nm0228147	Mark A.Z. Dippé	\N	\N	visual_effects,producer,director	tt0096874,tt0103064,tt0107290,tt0120177
nm0229308	Slobodan Djuric	1944	1976	actor	tt0170361,tt0199640,tt0243360,tt0218441
nm0230956	Ido Dolev	\N	\N	art_director,production_designer,art_department	tt0317842,tt0833422,tt1226753,tt1676680
nm0231286	François Domange	\N	\N	actor,miscellaneous	tt0098596,tt0113133,tt0105682,tt0090206
nm0233981	Mikhail Doronin	1880	\N	actor,director,writer	tt0025871,tt2424366,tt0246864,tt0005915
nm0234500	Alain Dostie	1943	\N	cinematographer,camera_department,director	tt0494834,tt0120802,tt0108328,tt0208629
nm0235389	Jean Doumanian	\N	\N	producer,miscellaneous,writer	tt1322269,tt0072562,tt0109348,tt0113819
nm0236279	Arthur Conan Doyle	1859	1930	writer,producer,actor	tt0988045,tt1515091,tt0240278,tt3168230
nm0237705	Rick Drew	\N	\N	writer,miscellaneous,producer	tt0329224,tt0448196,tt0088559,tt1327810
nm0242198	Vuka Dundjerovic	1925	1999	actress	tt0200985,tt0201434,tt0324657,tt0201216
nm0246171	Wilfried Dziallas	1944	\N	actor,director,writer	tt1364207,tt0090440,tt0111984,tt3141278
nm0247394	Dudley Early	1903	1967	writer	tt0018689,tt0173340,tt0017053,tt0019834
nm0251664	Bruno Eyron	1964	\N	actor,producer	tt0461004,tt3654580,tt0111889,tt0100486
nm0252222	Predrag Ejdus	1947	\N	actor,music_department	tt1093078,tt0111646,tt2093153,tt1129437
nm0252628	Joe El Dror	\N	\N	actor,writer,director	tt0110796,tt0290238,tt0115909,tt0095275
nm0254548	Mark T. Elliott	\N	\N	producer,cinematographer,actor	tt2011015,tt1358500,tt0203967,tt0819704
nm0254674	William J. Elliott	\N	\N	writer,director	tt0409788,tt0207448,tt0201751,tt0201580
nm0255980	Francisco Elías	1890	1977	writer,director,producer	tt0023728,tt0018871,tt0023823,tt0047219
nm0257700	Ken Englund	1914	1993	writer	tt0045589,tt0039808,tt0029912,tt0036912
nm0258525	Philip G. Epstein	1909	1952	writer,producer	tt0034583,tt0047162,tt0037094,tt0036613
nm0264977	Nacho Faerna	1967	\N	writer,producer,director	tt0201721,tt0198093,tt0472642,tt3343292
nm0265761	Eduardo Fajardo	1924	\N	actor	tt0086486,tt0063293,tt0060315,tt0073012
nm0269493	George Fawcett	1860	1939	actor,director	tt0016884,tt0016104,tt0019558,tt0017416
nm0270035	Jan Fedder	1955	\N	actor	tt0276716,tt0081834,tt0082096,tt0090440
nm0270997	Amir Feldman	\N	\N	director,actor,writer	tt0104834,tt0145453,tt0154130,tt0477497
nm0271070	Krystyna Feldman	1916	2007	actress	tt0425278,tt0090352,tt0251434,tt0245090
nm0272194	Rahela Ferari	1911	1994	actress,art_department	tt0084780,tt0105531,tt0087123,tt0062277
nm0273766	Severo Fernández	1898	1961	actor	tt0189077,tt0123267,tt0194921,tt0201740
nm0276299	Leonard Fields	1900	1973	writer,producer,director	tt0027053,tt0019782,tt0025747,tt0025349
nm0276715	Laura Figueroa	1948	\N	actress	tt0067982,tt0068428,tt0065537
nm0277133	Pavlos Filippou	\N	\N	cinematographer,editor,director	tt0255950,tt0123313,tt0184950,tt0206711
nm0278344	Kaiti Finou	1958	\N	actress	tt0220118,tt0206852,tt0196526,tt0201745
nm0279043	Markus Fischer	\N	\N	producer,director,writer	tt0807720,tt0091599,tt0261679,tt0096508
nm0279675	Mary Ann Fisher	\N	\N	producer,production_manager,director	tt0083557,tt0080421,tt0083959,tt0133987
nm0282549	James Flood	1895	1953	director,assistant_director,writer	tt0023240,tt0027187,tt0027221,tt0023139
nm0284724	Anna Fonsou	1939	\N	actress	tt0180787,tt0145187,tt0139871,tt0121503
nm0285961	Victoria Forde	1896	1964	actress,writer,director	tt0329630,tt0213624,tt0214699,tt0007554
nm0287566	Nikos Foskolos	1927	2013	writer,director,soundtrack	tt0183611,tt0136527,tt0179890,tt0292786
nm0290066	Alec B. Francis	1867	1934	actor,director	tt0021622,tt0023196,tt0012938,tt0004825
nm0290554	Herminia Franco	1915	1984	actress	tt0194654,tt0198763,tt0044335,tt0178728
nm0293989	Friz Freleng	1906	1995	producer,director,writer	tt0085390,tt0088491,tt0082679,tt0083701
nm0294261	Toni Frenguelli	\N	\N	cinematographer,director,writer	tt0472158,tt0044183,tt0038195,tt0201729
nm0297418	Guillermo Fuentes	\N	\N	writer,actor	tt0465995,tt0201741,tt0470112,tt0466155
nm0297984	Seiichi Fukuda	1916	1996	director,assistant_director	tt0203663,tt0133571,tt0294917,tt0164708
nm0299340	Hiroo Fuseya	\N	\N	producer,actor	tt2217945,tt0086836,tt0082819,tt0063351
nm0301984	Elia Galera	1973	\N	actress	tt0284491,tt0297174,tt0406854,tt0201721
nm0303132	Tom Gallop	\N	\N	actor,producer	tt0372183,tt0212720,tt0116695,tt0440963
nm0303472	Tim Galvin	\N	\N	production_designer,art_director,art_department	tt0120176,tt1179069,tt1327773,tt3520702
nm0304876	Carlos Garay	\N	\N	cinematographer	tt0201702,tt0202029
nm0305725	Jesús García Leoz	1904	\N	composer,music_department,soundtrack	tt0041478,tt0044092,tt0045554,tt0042222
nm0313163	Cecil Gentry	\N	\N	production_designer,art_director,art_department	tt3331028,tt0114594,tt1133993,tt0433350
nm0313867	Carmelita Geraghty	1901	1966	actress	tt0016230,tt0020258,tt0018183,tt0165954
nm0315305	Daniel Getzoff	\N	\N	actor	tt0197512,tt0201739,tt0122151,tt0387575
nm0318319	Daniel Gilboy	\N	\N	producer,miscellaneous,director	tt0468461,tt4530884,tt1242432,tt2537176
nm0320032	Nelli Gini	1949	\N	actress,soundtrack	tt0230514,tt1085716,tt2215677,tt0230758
nm0320266	Giannis Gionakis	\N	2002	actor	tt0135757,tt0199911,tt0179634,tt0205481
nm0321704	Glajiman	\N	\N	director	tt0020176
nm0323037	Marie Glory	1905	2009	actress	tt0019646,tt0177913,tt0049189,tt0021774
nm0325755	Clint Goldman	\N	\N	producer,visual_effects	tt0120177,tt0405469,tt0106912,tt0110475
nm0329640	Michael A. Goorjian	1971	\N	actor,director,writer	tt0104291,tt0113627,tt0133189,tt0120696
nm0331757	Philip Kan Gotanda	\N	\N	director,writer,actor	tt0194109,tt0201709,tt6402934,tt0096424
nm0333179	Andrzej Grabarczyk	1953	\N	actor	tt0082124,tt0098701,tt0182607,tt0080821
nm0334593	Maurice Gran	1949	\N	writer,producer,miscellaneous	tt0106014,tt0094519,tt0096545,tt0108840
nm0334603	Alexander Granach	1893	1945	actor	tt0035896,tt0031725,tt0013442,tt0022017
nm0335455	James Edward Grant	1905	1966	writer,director,producer	tt0052190,tt0057298,tt0039152,tt0053580
nm0337161	Annie Grazia	\N	\N	actress	tt0201748
nm0341911	Jurij Grigorovic	\N	\N	production_designer,art_director,art_department	tt0255177,tt0783522,tt1227796,tt4084744
nm0344427	Marcus Grüsser	1966	\N	actor	tt0106177,tt0265663,tt0302113,tt0144050
nm0346843	Frances Guihan	1890	1951	writer	tt0019166,tt0019148,tt0017783,tt0018734
nm0349432	Alejandro Gutiérrez del Barrio	1895	1954	composer	tt0178228,tt0325947,tt0205171,tt0181433
nm0355284	Alexander Hall	1894	1968	director,editor,actor	tt0035105,tt0025410,tt0039337,tt0033712
nm0360916	Kai Hansen	\N	\N	director	tt0191382,tt0201895,tt0201720,tt0201403
nm0363318	Eva Harling	\N	\N	actress	tt0201701,tt0228780,tt0186997,tt0083686
nm0365361	Susan Harris	\N	\N	producer,production_manager	tt0881934,tt0201739
nm0365480	Anthony Harrison	1961	\N	actor,writer,producer	tt0758730,tt0298814,tt0120834,tt0137204
nm0365635	Jack Harrison	\N	\N	director,writer	tt0447202,tt3903586,tt0406934,tt0020190
nm0367187	Yiannis Hartomatzidis	\N	\N	director,assistant_director,art_director	tt0201745,tt0199688,tt0220118,tt0196917
nm0367762	Ellie Harvie	1965	\N	actress,writer,director	tt1259521,tt0216216,tt0172031,tt0116483
nm0369036	Fanny Hatton	\N	1939	writer,actress	tt0020215,tt0020175,tt0022489,tt0020525
nm0369038	Frederic Hatton	1879	1946	writer,actor	tt0020525,tt0020175,tt0022489,tt0020215
nm0370608	China Hayashi	\N	\N	production_designer,art_director,set_decorator	tt0379576,tt0201743,tt1241338,tt6509862
nm0370634	Marc Hayashi	\N	\N	actor	tt0099979,tt0083728,tt0094320,tt0091326
nm0370879	Clyde Hayes	\N	\N	actor,writer,producer	tt0119196,tt0127045,tt0201726,tt0087298
nm0371312	Lysa Heslov	\N	\N	producer,actress,director	tt6175710,tt0277615,tt0220343,tt0159291
nm0373872	Manfred D. Heid	\N	\N	production_manager,producer,miscellaneous	tt0450232,tt0340163,tt0411061,tt0450345
nm0375350	Leo Heller	1876	\N	writer	tt0017812,tt0201729,tt0015857,tt0470744
nm0380497	Pilar Herrera	\N	\N	actress	tt0090481,tt0120173,tt0110124
nm0380928	F.E. Hershey	1906	1989	cinematographer,camera_department	tt0019716,tt0020307,tt0019715,tt0020086
nm0383248	Nicole Higashi	\N	\N	actress	tt0201709
nm0385427	Peter Himmelman	1959	\N	composer,soundtrack,music_department	tt0104030,tt0460627,tt0109520,tt0209069
nm0385686	Johnny Hines	1895	1970	actor,director,writer	tt0012017,tt0014797,tt0015773,tt0008679
nm0386113	Barbro Hiort af Ornäs	1921	2015	actress	tt0089527,tt0058124,tt0052017,tt0063611
nm0390155	Amanda Holden	1971	\N	actress,soundtrack	tt0181261,tt1034201,tt0385986,tt1049244
nm0390775	Matt Holland	\N	\N	actor,writer,miscellaneous	tt0362227,tt0945513,tt0363988,tt0338751
nm0392096	William Holmes	1904	1978	editor,editorial_department	tt0031210,tt0023042,tt0034277,tt0034167
nm0392250	Gustaw Holoubek	1923	2008	actor,director	tt0097721,tt0059643,tt0052063,tt0070628
nm0392666	Paulina Holtz	1977	\N	actress	tt0495843,tt6233898,tt0382109,tt0182607
nm0395130	Robert J. Horner	1894	1942	producer,director,writer	tt0019364,tt0020646,tt0173351,tt0018617
nm0396012	Allen 'Farina' Hoskins	1920	1980	actor	tt0020671,tt0021339,tt0021366,tt0021275
nm0398898	Peng Hu	\N	\N	director,actor,writer	tt0187967,tt0200723,tt0201673,tt0934595
nm0399441	Axel Hubert	\N	\N	editor,editorial_department,producer	tt0108451,tt0101969,tt0086336,tt0098439
nm0400611	Gareth Hughes	1894	1965	actor,miscellaneous	tt0016107,tt0181293,tt0013317,tt0010103
nm0404257	Bobby 'Wheezer' Hutchins	1925	1945	actor	tt0024213,tt0020671,tt0021275,tt0024016
nm0405407	Miroslav Hájek	1919	\N	editor,editorial_department,miscellaneous	tt0059415,tt0070832,tt0061781,tt0060959
nm0409259	Masami Inomoto	\N	\N	cinematographer,camera_department	tt0976060,tt0277119,tt0201743,tt0233595
nm0410694	Ulla Isaksson	1916	2000	writer	tt0053976,tt0257215,tt0052017,tt0090222
nm0412051	Ivan Ivanov	1951	\N	production_designer	tt0235004,tt0053773,tt5862746,tt0422119
nm0415199	Gaston Jacquet	1883	1970	actor,director	tt0953419,tt0355659,tt0013808,tt0020385
nm0415631	Ivan Jagodic	1936	2010	actor	tt0213076,tt0067920,tt1830772,tt1830773
nm0416014	Ivo Jaksic	1912	1983	actor	tt0055244,tt0199979,tt0201148,tt0277554
nm0416070	Berthe Jalabert	\N	\N	actress	tt0454141,tt0484125,tt0950628,tt0483330
nm0419512	Javivi	1961	\N	actor,soundtrack	tt0303421,tt0201721,tt3014910,tt0368668
nm0426209	Shane Johnson	1976	\N	actor,producer	tt0159273,tt2282016,tt0313285,tt0120815
nm0430074	Leslie Jordan	1955	\N	actor,writer,soundtrack	tt0107254,tt1454029,tt0201737,tt2729818
nm0430639	Lesley Joseph	1945	\N	actress	tt0314885,tt0455608,tt0096545,tt0939628
nm0433232	Rafael Justo Valverde	\N	\N	editor,editorial_department	tt0057654,tt0058006,tt0069389,tt0133011
nm0434120	Hajime Kaburagi	\N	\N	composer,soundtrack	tt0061101,tt0142257,tt0063835,tt0065932
nm0434985	Hajime Kai	\N	\N	cinematographer	tt0201716
nm0435372	Shûichi Kakesu	\N	\N	editor,editorial_department,producer	tt0113568,tt0217941,tt1206627,tt0275277
nm0436105	Bill Kalmenson	\N	\N	actor,director,writer	tt0120171,tt2356777
nm0436166	Spyros Kalogirou	1922	2009	actor	tt0145009,tt0255936,tt0200448,tt0183570
nm0436922	Fritz Kampers	1891	1950	actor,director	tt0137599,tt0021542,tt0022017,tt0027351
nm0439028	Petros Karavidoglou	\N	\N	cinematographer,producer,camera_department	tt0230904,tt0205481,tt0263511,tt0199072
nm0439206	Jenny Karezi	1932	1992	actress,writer,producer	tt0196750,tt0057229,tt0177698,tt0145006
nm0440514	Linda Kash	1967	\N	actress,writer,director	tt0118111,tt0218839,tt0352248,tt0422774
nm0441463	Manos Katrakis	1908	1984	actor	tt0088241,tt0196532,tt0055375,tt0196995
nm0442671	Nikos Kavoukidis	\N	\N	cinematographer,director,editor	tt0069130,tt0085175,tt0079643,tt0484357
nm0443541	Kostas Kazakos	\N	\N	actor,director,producer	tt0136527,tt0228494,tt0219102,tt0076208
nm0443666	Tonia Kaziani	\N	\N	actress	tt0201719,tt0226107,tt1380219,tt0255227
nm0445449	Albinas Keleris	1957	\N	actor	tt0307217,tt4872572,tt0201707,tt0312294
nm0447339	Matty Kemp	1907	1999	actor,producer,writer	tt0020172,tt0246538,tt0018744,tt0336245
nm0448515	Ingrid Kenning	\N	\N	miscellaneous,writer,producer	tt0460780,tt1119644,tt0337721,tt0402910
nm0448790	Larry Kent	1900	1967	actor,producer	tt0018972,tt0018993,tt0018978,tt0018146
nm0453721	Uljana Kim	\N	\N	producer	tt2113073,tt0929806,tt1800312,tt2924336
nm0458147	Vladislav Kladnitsky	1932	2015	composer	tt0385823,tt0300467,tt0195281,tt0261102
nm0458838	Judith Klein	1972	\N	actress	tt0244361,tt0101820,tt0104949,tt0185652
nm0460638	Dan Kneece	1956	\N	camera_department,cinematographer,producer	tt0898367,tt0187393,tt0183649,tt0119396
nm0462685	Maro Kodou	1934	\N	actress,soundtrack	tt0122883,tt0055375,tt0180749,tt2400283
nm0462899	Volker Koepp	1944	\N	director,writer,producer	tt0120527,tt0076428,tt1070339,tt0202390
nm0463172	David Kohan	1964	\N	writer,producer,miscellaneous	tt2248977,tt2361094,tt1612578,tt0157246
nm0464027	Irena Kolesar	1925	2002	actress	tt0045952,tt0180294,tt0039837,tt0042847
nm0465235	Jûshirô Konoe	1916	1977	actor	tt0996474,tt3896908,tt0063834,tt0360944
nm0465348	Dimitris Konstadaras	1946	\N	composer,writer	tt0197447,tt0181294,tt0199084,tt0196339
nm0465349	Labros Konstadaras	1913	1985	actor,soundtrack,writer	tt0135686,tt0196382,tt0181600,tt0136551
nm0467373	Odysseas Kosteletos	1926	\N	director,writer,producer	tt0145488,tt0144876,tt0257747,tt0196501
nm0467860	Agnieszka Kotulanka	1956	\N	actress	tt0114934,tt0172050,tt0182607,tt0089936
nm0468042	Nikos Kourkoulos	1934	2007	actor	tt0057892,tt0196312,tt0200448,tt0255936
nm0468931	Nikolai Kozlovsky	\N	1939	cinematographer,camera_department,actor	tt0165497,tt0207169,tt0368309,tt0018453
nm0471807	Bronislav Krizan	1941	2012	actor	tt0232206,tt0175935,tt0071621,tt0397600
nm0473791	Eiichi Kudô	1929	2000	director,actor,writer	tt0361961,tt0057212,tt0135062,tt0326189
nm0474341	Oleg Kukhovarenko	1925	2004	cinematographer	tt0069122,tt0130223,tt0299060,tt0129152
nm0475568	Sô Kuramoto	1935	\N	writer,director,soundtrack	tt0415320,tt1558584,tt2119424,tt0083124
nm0476179	Mitsuko Kusabue	1933	\N	actress	tt0091989,tt0058349,tt0060786,tt0074691
nm0477483	Hristos Kyriakopoulos	\N	\N	director,producer,writer	tt0196847,tt0288806,tt0288800,tt0200967
nm0477989	Herbert Körner	1902	1966	cinematographer,camera_department	tt0028440,tt0044638,tt0049478,tt0033878
nm0479086	Gerardo de la Torre	1938	\N	writer,actor	tt0467513,tt0282556,tt0107323,tt0494079
nm0482408	Vladislav Lalicki	1935	2008	production_designer,costume_designer	tt0189939,tt1235093,tt0228495,tt0201434
nm0483849	Peter Martin Lampel	\N	\N	writer,miscellaneous	tt0022017,tt0019924,tt0020326,tt0405275
nm0487973	Nelson Laraby	1887	1937	camera_department,cinematographer	tt0017222,tt0020172,tt0019908,tt0022047
nm0493753	Giorgos Lazaridis	\N	2012	writer,director,producer	tt0196382,tt0292381,tt1842765,tt0184950
nm0493950	Popi Lazou	\N	\N	actress	tt0207803,tt0135573,tt0199300,tt0199550
nm0494886	Richard Leacock	1921	2011	director,cinematographer,producer	tt0067532,tt0064689,tt0405951,tt0264813
nm0495557	Slavko Lebedinski	\N	\N	writer	tt0199274,tt0201715,tt0472382
nm0496505	D. Ross Lederman	1894	1972	director,assistant_director,writer	tt0023631,tt0046585,tt0030833,tt0023567
nm0497644	Karen Lee	\N	\N	actress,editorial_department	tt0086978,tt0201709,tt0062994,tt0128377
nm0499482	Silvia Legrand	1927	\N	actress	tt0201702,tt0181989,tt0194375,tt0193746
nm0499628	Gladys Lehman	1892	1993	writer	tt0025037,tt0020748,tt0119643,tt0020166
nm0500511	Rimvydas Leipus	\N	\N	cinematographer	tt2292844,tt4826842,tt0475241,tt0110278
nm0505448	Hagai Levi	1963	\N	writer,producer,miscellaneous	tt0835434,tt4182368,tt2321022,tt2699110
nm0505471	Moris Levi	1932	1983	actor	tt0201496,tt0053118,tt0193536,tt0200929
nm0505818	Ilana Levine	1963	\N	actress,director,producer	tt1720616,tt1093908,tt0489237,tt0427229
nm0506912	Alun Lewis	\N	\N	actor,writer,soundtrack	tt0445008,tt0096545,tt1334331,tt0068069
nm0509510	Robert Liebmann	1890	\N	writer,soundtrack,miscellaneous	tt0018365,tt0338809,tt0022034,tt0020697
nm0510113	Arvi Liimatainen	1949	\N	producer,director,production_manager	tt0845746,tt0156442,tt2106350,tt4716230
nm0512052	Eleanor Lindo	\N	\N	director,actress,writer	tt0377248,tt0479152,tt0298578,tt0288937
nm0512267	Margaret Lindsay	1910	1981	actress,soundtrack	tt0038057,tt0030287,tt0026261,tt0026393
nm0512482	Bibi Lindström	1904	1984	production_designer,art_director,costume_designer	tt0060827,tt0045848,tt0052017,tt0043652
nm0514097	Zdenek Liska	1922	1983	composer,soundtrack,music_department	tt0063633,tt0064837,tt0063278,tt0059527
nm0514904	Chia-Hui Liu	1951	\N	actor,stunts,director	tt0266697,tt0378194,tt1258972,tt0078243
nm0515102	Betty Livanou	\N	\N	actress,writer,producer	tt0256440,tt0263677,tt0283625,tt0083571
nm0515921	Art Lloyd	1897	1954	cinematographer,camera_department,writer	tt0031322,tt0029923,tt0029747,tt0024852
nm0519928	Murilo Lopes	\N	\N	production_manager,actor,set_decorator	tt0201756,tt0200612,tt0041219,tt0180681
nm0520501	Robert Lord	1900	1976	writer,producer,miscellaneous	tt0025028,tt0027367,tt0020172,tt0026421
nm0521213	Jane Loury	1896	1951	actress	tt0030528,tt0022762,tt0195072,tt0027552
nm0522871	Edward T. Lowe Jr.	1890	1973	writer,producer,director	tt0035317,tt0019109,tt0014142,tt0026199
nm0525678	Vojislav Lukic	1935	1999	cinematographer,camera_department	tt0191733,tt0273394,tt0182411,tt0318919
nm0529414	Tatyana Lyutaeva	1965	\N	actress	tt1325618,tt1696190,tt0416316,tt0107650
nm0532072	Fred Mace	1878	1917	actor,director,writer	tt0002501,tt0002133,tt0002233,tt0002659
nm0532715	Katerina Machácková	1949	\N	actress	tt3613004,tt0239202,tt0100194,tt0249315
nm0537550	Michael Mailer	\N	\N	producer,director,actor	tt0098185,tt1535970,tt0262396,tt0346631
nm0537980	Maurice Maître	\N	\N	director,writer	tt1786555,tt1189059,tt0210518,tt0201720
nm0539270	Eduardo Maldonaldo	1941	\N	director,writer,editor	tt0393911,tt0474581,tt0201700,tt1318070
nm0542620	Laurence Manly	\N	\N	camera_department,cinematographer	tt0109254,tt0349683,tt0106064,tt0362454
nm0543270	Philipp Manning	1869	1951	actor,miscellaneous	tt0133887,tt0018990,tt0455522,tt0262206
nm0545349	Arlette Marchal	1902	1984	actress	tt0042923,tt0042432,tt0018578,tt0940785
nm0545461	Jean Marchat	1902	1966	actor,miscellaneous	tt1629322,tt0037630,tt0492658,tt0201830
nm0547670	Giovanna Marini	1937	\N	composer,music_department,actress	tt0080488,tt0094892,tt0431958,tt0092017
nm0548664	Olivera Markovic	1925	2011	actress	tt0055447,tt0122234,tt0085215,tt0105602
nm0549178	Aleksandr Marlinskii	\N	\N	writer	tt0201711,tt3893282
nm0551903	Amelia Martin	1978	\N	miscellaneous,actress,producer	tt1175709,tt2122283,tt4282678,tt0383028
nm0554907	Félix Martínez Rivero	\N	\N	production_designer	tt0201741,tt0201913
nm0555990	Antonio Mas Guindal	\N	\N	writer,miscellaneous,director	tt0039577,tt0046100,tt0039148,tt0051246
nm0556255	Francesco Maselli	1930	\N	director,writer,assistant_director	tt0058231,tt0094892,tt0092017,tt0073734
nm0566595	Randall McCormick	\N	\N	writer,actor,assistant_director	tt0120913,tt1104123,tt1781896,tt0120179
nm0567224	Philo McCullough	1893	1981	actor,director	tt0010439,tt0024645,tt0009284,tt0019290
nm0568416	Alan B. McElroy	\N	\N	writer,director,actor	tt0120177,tt0295700,tt0105219,tt0095271
nm0568546	Vincent McEveety	1929	\N	director,assistant_director,producer	tt0081930,tt0080861,tt0086765,tt0047736
nm0568825	Todd McFarlane	1961	\N	writer,producer,animation_department	tt1722512,tt0118475,tt0120177,tt0320511
nm0569696	Robert A. McGowan	1901	1955	writer,director,actor	tt0233415,tt0234372,tt0233638,tt0278213
nm0569697	Robert F. McGowan	1882	1955	director,producer,writer	tt0013472,tt0278213,tt0021275,tt0021339
nm0572320	G. Gregg McLaughlin	1929	2013	editor	tt0085032,tt0099385,tt0062793,tt0078869
nm0577476	Georges Melchior	1889	1944	actor	tt0003165,tt0002844,tt0003037,tt0003930
nm0586130	Lakis Mihailidis	1932	2010	writer	tt0198457,tt0197439,tt0136456,tt0215967
nm0586285	Dejan Mijac	1934	\N	director,miscellaneous,writer	tt0199687,tt0279461,tt0319458,tt0199979
nm0586901	Nikos Milas	\N	\N	cinematographer,camera_department,producer	tt0129325,tt0164094,tt0201742,tt0219102
nm0588316	Ernest Miller	1885	1957	cinematographer,camera_department	tt0044072,tt0041030,tt0041497,tt0023038
nm0590514	Zoran Milosavljevic	1939	1983	actor	tt0065142,tt0181027,tt0055289,tt0217614
nm0590518	Arsa Milosevic	1931	2006	director,assistant_director,writer	tt0203157,tt1431319,tt0201883,tt0191681
nm0590985	Yûichi Minato	\N	\N	actor,writer	tt0211301,tt0203663,tt2837612,tt0123092
nm0594257	Tomokazu Miura	1952	\N	actor,writer	tt1724962,tt1337125,tt0201743,tt1098226
nm0594737	Leslie Mizzell	\N	\N	composer	tt0097666,tt0123242,tt0433429,tt0449900
nm0594860	Arkadi Mlodik	1905	1983	writer	tt0312381,tt0291021,tt0401005,tt5301920
nm0597223	Janel Moloney	1969	\N	actress	tt0118523,tt0200276,tt0288439,tt0118966
nm0597355	Vladimir Momcilovic	1946	\N	director,writer	tt0200139,tt0996985,tt0214003,tt0186899
nm0599269	Carmen Montejo	1925	2013	actress	tt0039668,tt0191757,tt0279747,tt0268654
nm0603873	Anita Moreno	\N	\N	actress	tt0031274,tt0020177
nm0604032	José Elías Moreno	1910	1969	actor,writer,director	tt0236843,tt0063090,tt0053241,tt0207103
nm0606001	Frank Moro	1944	1993	actor	tt0266129,tt0214209,tt0212649,tt0121514
nm0607314	Shelley Morrison	1936	\N	actress,producer,soundtrack	tt0307453,tt0061252,tt0056758,tt0157246
nm0607325	Temuera Morrison	1960	\N	actor,director,miscellaneous	tt0110729,tt0121765,tt3521164,tt0121766
nm0607334	Tom Morrison	\N	\N	writer,miscellaneous,actor	tt0204767,tt0220902,tt0149593,tt0148292
nm0608487	Frank Moser	\N	1964	director,animation_department,producer	tt0011129,tt0011579,tt0152274,tt0011365
nm0610702	Sava Mrmak	1929	2002	director,writer,assistant_director	tt0193072,tt0200783,tt0201140,tt0056726
nm0612474	Claude Mulot	1942	1986	writer,director,miscellaneous	tt0178351,tt0071262,tt0067392,tt0064902
nm0613987	Mingaile Murmulaitiene	\N	\N	editor	tt0110278,tt0118823,tt0116300,tt0103132
nm0616083	Max Mutchnick	1965	\N	writer,producer,miscellaneous	tt2248977,tt2361094,tt1612578,tt0157246
nm0619107	Masayoshi Nogami	1940	2010	actor,director,writer	tt2343419,tt0291382,tt0126373,tt0128167
nm0619997	Sanae Nakahara	1935	2012	actress	tt0289782,tt0409992,tt0158714,tt0270394
nm0620052	Sadao Nakajima	1934	\N	director,writer,actor	tt0124113,tt0349481,tt0088082,tt0165218
nm0621548	Dorota Naruszewicz	1971	\N	actress	tt0182607,tt0287641,tt1263657,tt0170351
nm0622288	Jeff Nathanson	1965	\N	writer,miscellaneous,producer	tt0362227,tt0264464,tt0367882,tt1790809
nm0622897	Guillermo Navarro	\N	\N	cinematographer,director,camera_department	tt0167190,tt0119396,tt1663662,tt0457430
nm0623059	Valdas Navasaitis	\N	\N	director,writer,producer	tt3569894,tt0201707,tt0177969,tt1444324
nm0623896	Jesus Nebot	\N	\N	actor,director,writer	tt0201942,tt0201733,tt0120416,tt0253335
nm0624420	Yannis Negrepontis	\N	\N	writer	tt0257593,tt0201742,tt0263593
nm0627511	Vyacheslav Nevinnyy	1934	2009	actor,soundtrack	tt0086723,tt0081557,tt0098259,tt0073099
nm0628017	Barry Newman	1938	\N	actor	tt0165854,tt0131325,tt0071032,tt0067927
nm0633997	Yumiko Nogawa	\N	\N	actress	tt0059159,tt0059715,tt0058409,tt0205963
nm0634303	Kathleen Nolan	1933	\N	actress,soundtrack	tt0126078,tt0050053,tt0057738,tt0065272
nm0635667	Mabel Normand	1892	1930	actress,director,writer	tt0003758,tt0009369,tt0004707,tt0014029
nm0636385	Eille Norwood	1861	1948	actor	tt0250992,tt0201751,tt0180647,tt0201580
nm0637299	Ivo Novák	1918	2004	director,writer,assistant_director	tt0059947,tt0329503,tt0087251,tt0407917
nm0637610	Yvan Noé	1895	1963	writer,director,producer	tt0193806,tt0143170,tt0289595,tt0197887
nm0639782	Richard O'Brien	1942	\N	actor,soundtrack,writer	tt0073629,tt0118929,tt1659337,tt0852863
nm0644777	Vida Ognjenovic	1941	\N	director,writer	tt1074995,tt0228557,tt0228981,tt0206143
nm0645207	Ryûtarô Ôtomo	1912	1985	actor	tt0199857,tt0055743,tt0142996,tt0082596
nm0645385	Satomi Oka	1935	\N	actress	tt0322935,tt0199443,tt0055743,tt0057212
nm0646704	Manuel Oliveira	\N	\N	editor,editorial_department,miscellaneous	tt0200736,tt0197759,tt0138073,tt0197083
nm0648505	On Szeto	\N	\N	writer	tt0078517,tt0078969,tt0076661,tt0079076
nm0649033	Atsushi Yamatoya	1936	1993	writer,actor,director	tt0291202,tt0089404,tt0100380,tt0078187
nm0649041	Kazimierz Opalinski	1890	1979	actor	tt0060833,tt0056970,tt0050359,tt0050282
nm0649211	Frank Opperman	\N	1922	actor	tt0004091,tt0001701,tt0003011,tt0002412
nm0649563	Juan de Orduña	1900	1974	director,writer,actor	tt0034053,tt0038493,tt0042185,tt0042840
nm0650001	Kathy Orlando	\N	\N	art_department,set_decorator,art_director	tt0371746,tt1568346,tt0884732,tt0817230
nm0652562	Malgorzata Ostrowska-Królikowska	1964	\N	actress	tt0102815,tt0403441,tt0208225,tt0182607
nm0653118	Karl Otten	1889	1963	writer	tt0022017
nm0655065	Georg Wilhelm Pabst	1885	1967	director,writer,producer	tt0018737,tt0021818,tt0021542,tt0020475
nm0658505	Tara Palmer-Tomkinson	1971	2017	actress	tt0274236,tt0391098,tt0408633,tt0338616
nm0659512	Livio Panieri	\N	\N	actor	tt0092017,tt0300016
nm0660292	Nikos Papanastasiou	\N	\N	actor	tt0235167,tt0263636,tt0232270,tt0288712
nm0660362	Dionysis Papagiannopoulos	\N	1984	actor	tt0181600,tt0048657,tt0088241,tt0064127
nm0664359	Kaja Paschalska	1986	\N	actress	tt0297639,tt6229766,tt1699397,tt0182607
nm0664527	Kalla Pasha	1879	1933	actor	tt0019563,tt0440248,tt0193361,tt0015522
nm0664810	Ricardo Passano	\N	\N	actor	tt0201753,tt0024860,tt0190324,tt0190534
nm0667152	Albert Paulig	1873	1933	actor	tt0018934,tt1122854,tt0473728,tt0356587
nm0668045	Mieczyslaw Pawlikowski	1920	1978	actor	tt0064785,tt0079823,tt0172017,tt0044674
nm0668959	Jonathan Pearce	\N	\N	actor	tt0163488,tt1291490,tt0135733,tt4809740
nm0670580	Julia Jay Pierrepont III	\N	\N	producer,director,writer	tt0436364,tt0379341,tt0959329,tt0201737
nm0671032	Mark Pellegrino	1965	\N	actor,producer,soundtrack	tt0481369,tt0368891,tt0118715,tt0166924
nm0671778	Teresa Penella	\N	1960	actress	tt0020177
nm0672963	Louis Perdoux	\N	\N	actor	tt0026660,tt2771804,tt0201723,tt6749528
nm0675305	Steve Perry	\N	\N	assistant_director,producer,production_manager	tt0104714,tt0122151,tt0075148,tt0097733
nm0679017	Michael Peyser	\N	\N	producer,production_manager,miscellaneous	tt0117008,tt0086637,tt0089853,tt0113243
nm0681726	Lupu Pick	1886	1931	actor,director,producer	tt0273848,tt0154951,tt0438777,tt0013136
nm0682071	Rebecca Pidgeon	1965	\N	actress,soundtrack,composer	tt0120176,tt0120202,tt0155388,tt1245526
nm0682176	Harry Piel	1892	1963	director,writer,actor	tt0143940,tt0028234,tt0258608,tt0023077
nm0682350	Evelyn Pierce	1907	1960	actress	tt0019453,tt0020172,tt0015761,tt0017692
nm0685139	Mário Pires	\N	\N	director	tt0162516,tt0162479,tt0162445,tt0162487
nm0687211	Mimis Plessas	1924	\N	composer,soundtrack,music_department	tt0177698,tt0200448,tt0067853,tt0180717
nm0688008	Louiza Podimata	\N	\N	actress	tt0201591,tt2331837,tt1654013,tt0201719
nm0689948	Peter Polycarpou	\N	\N	actor,music_department,soundtrack	tt0116250,tt0096545,tt0352277,tt1598873
nm0691424	Jovan Sterija Popovic	1806	1856	writer	tt0238524,tt0213319,tt0179768,tt0200966
nm0697392	Antonio Prieto	\N	\N	cinematographer,actor,camera_department	tt0201504,tt0190677,tt0201665,tt0181699
nm0699614	Stathis Psaltis	1951	2017	actor,soundtrack	tt0196526,tt0206852,tt0199688,tt0230938
nm0700706	Daniella Purcell	\N	\N	writer	tt0110512,tt0114896,tt0106767,tt0112599
nm0703080	Buffy Queen	\N	\N	actress,producer,writer	tt0120173,tt0075519,tt0125449
nm0704351	Pauline Quirke	1959	\N	actress,writer,soundtrack	tt0167872,tt0124821,tt0080678,tt0068069
nm0706384	Kostas Raftopoulos	\N	\N	editor,camera_department,editorial_department	tt0270176,tt0168238,tt0201976,tt0230938
nm0708620	Francisco Ramos	1968	\N	producer	tt0330702,tt1648216,tt1797504,tt0427582
nm0710888	Gerbert Rappaport	1908	1983	director,assistant_director,writer	tt0032825,tt0163797,tt0046055,tt0040014
nm0711197	Connie Rasinski	1907	1965	director,animation_department,writer	tt0148316,tt0204767,tt0148292,tt0146512
nm0716139	Winifred Reeve	\N	\N	writer	tt0021566,tt0021504,tt0020393,tt0020850
nm0717046	Frank Reicher	1875	1965	actor,director,miscellaneous	tt0024216,tt0029604,tt0028313,tt0024593
nm0717901	Juanita Reina	1925	1999	actress,soundtrack,producer	tt0043750,tt0039577,tt0034523,tt0044664
nm0719233	Madeleine Renaud	1900	1994	actress	tt0045034,tt0025471,tt0056197,tt0024310
nm0724586	Jack Richardson	1870	1960	actor	tt0174280,tt0184574,tt0013036,tt0186332
nm0725897	Stanley Ridges	1890	1951	actor	tt0034277,tt0039725,tt0035446,tt0034167
nm0729806	Nikos Rizos	1924	1999	actor,production_manager	tt0197042,tt0203769,tt0196587,tt0200607
nm0730837	Arthur Roberts	1890	1961	editor,editorial_department	tt0033076,tt0027593,tt0022685,tt0023891
nm0732468	Chris Robinson	1938	\N	actor,director,writer	tt0084633,tt0057731,tt0057793,tt0069308
nm0732974	Peter Manning Robinson	\N	\N	composer,music_department,actor	tt0321021,tt0095871,tt0101628,tt0098352
nm0733474	Linda Robson	1958	\N	actress,soundtrack	tt0338616,tt0217211,tt0950199,tt0083478
nm0733578	Blas Roca-Rey	1961	\N	actor	tt0323807,tt0791106,tt1443561,tt0092017
nm0733833	Miguel Faust Rocha	1898	1961	actor	tt1448560,tt0183701,tt0190320,tt0132923
nm0738305	Henri Rollan	1888	1967	actor,director	tt0139121,tt0015214,tt0044602,tt0178078
nm0743586	Kevin D. Ross	\N	\N	editor,editorial_department,actor	tt0120382,tt2543312,tt4574334,tt0904208
nm0745577	Gaston Roudès	1878	1958	director,writer,producer	tt0201577,tt0160777,tt0201815,tt0201614
nm0749234	Carlos Rufart	\N	1957	actor	tt0020327,tt0018632,tt0020177,tt0040775
nm0751609	David E. Russo	\N	\N	composer,music_department,soundtrack	tt1592154,tt0296572,tt3749900,tt0401792
nm0754766	Cheslav Sabinsky	\N	\N	director,production_designer,writer	tt0944126,tt0220183,tt0009509,tt0010659
nm0757025	Shunji Sakai	1913	1967	actor	tt0374699,tt0187317,tt0429185,tt0053275
nm0757193	Chieko Saki	\N	\N	actress	tt0201710
nm0757325	Shôgo Sakurai	\N	\N	editor	tt0201716,tt2537776,tt0291382,tt0215847
nm0757335	Hiroko Sakuramachi	1937	\N	actress	tt0122569,tt0053275,tt0349571,tt0312596
nm0757725	Luis Salazar	\N	1998	actor	tt0201348,tt0466155,tt0470112,tt0201741
nm0761382	Hans Sanden	1887	1954	actor	tt0020178,tt0042695,tt0169889,tt0035927
nm0762270	Eduardo Sandrini	1908	1963	actor,producer	tt0178434,tt0178358,tt0178661,tt0201663
nm0762997	Pierre Sanoussi-Bliss	1962	\N	actor,producer,director	tt0306461,tt0240457,tt0110251,tt0075474
nm0763896	Cláudio Santoro	1919	1989	composer,music_department	tt0211556,tt0201416,tt0196063,tt0184757
nm0764259	Ruy Santos	\N	\N	cinematographer,director,writer	tt0159407,tt0809355,tt0047177,tt0198870
nm0764937	Sacha Sarchielli	\N	\N	camera_department,cinematographer,visual_effects	tt0114594,tt0118111,tt0109773,tt0298814
nm0766316	Kôtarô Satomi	\N	\N	actor,soundtrack,executive	tt0186939,tt0057212,tt1422291,tt2930432
nm0767331	Paul O'Grady	1955	\N	actor,producer,writer	tt0131159,tt2373856,tt0431559,tt1734539
nm0767342	Matthew Savage	1972	\N	actor	tt0096454,tt0096545,tt0297626,tt0088866
nm0770535	Philip A. Scheib	1894	\N	composer,music_department,actor	tt0052195,tt0204767,tt0150080,tt0150889
nm0770849	Jochen Schenck	1929	2016	actor,director	tt0200266,tt0279234,tt0161799,tt0187272
nm0771584	Joseph Schildkraut	1896	1964	actor,soundtrack	tt0029146,tt0033045,tt0012532,tt0052738
nm0772300	Hans Adalbert Schlettow	1887	1945	actor	tt0019655,tt0020793,tt0015175,tt0013086
nm0772805	Andreas Schmidt	1963	\N	actor,writer	tt0813547,tt0477877,tt0304550,tt1437357
nm0772882	Corey Schmidt	\N	\N	editorial_department,director,writer	tt0101879,tt0102202,tt0102116,tt0201739
nm0775419	Raymond L. Schrock	1892	1950	writer,director,producer	tt0038246,tt0017534,tt0021636,tt0021237
nm0775638	Antje Schröder	\N	\N	actress	tt0370474,tt0130248,tt0135034,tt0336718
nm0778405	Rodolfo Sciammarella	1902	1973	composer,music_department,writer	tt0197976,tt0198919,tt0198296,tt0244374
nm0781024	Jan Sebening	\N	\N	director,writer,cinematographer	tt0414854,tt0759725,tt0201728,tt0285194
nm0784407	Mack Sennett	1880	1960	producer,actor,director	tt0004670,tt0003934,tt0004707,tt0004277
nm0784540	Takenori Sentô	1961	\N	producer,writer,director	tt0178868,tt0119687,tt0243889,tt0293478
nm0785460	Pepita Serrador	1913	1964	actress	tt0034592,tt0038414,tt0195080,tt0200514
nm0785462	Teresa Serrador	\N	\N	actress	tt0197988,tt0175899,tt0063279,tt0201735
nm0785519	Eduardo Serrano	\N	\N	composer,music_department,editor	tt0465995,tt0158482,tt0184334,tt0201741
nm0786987	Rogério Sganzerla	1946	2004	director,writer,producer	tt0145115,tt0144782,tt0145100,tt0389377
nm0788743	Yaron Scharf	\N	\N	cinematographer,camera_department,production_manager	tt0334754,tt0476643,tt3576084,tt1445520
nm0789557	Sivan Shavit	\N	\N	soundtrack,actress	tt0143252,tt0429301,tt0352994,tt0205176
nm0793879	Eitarô Shindô	1899	1977	actor	tt0040979,tt0045112,tt0047445,tt0046851
nm0795837	Mort Shuman	1936	1991	soundtrack,composer,actor	tt0208092,tt0092005,tt0120669,tt0118715
nm0798542	Vicente Silva	\N	\N	producer,director,writer	tt0395442,tt0419690,tt0074500,tt0078146
nm0799509	Nikola Simic	1934	2014	actor,music_department	tt1143941,tt0834013,tt0434699,tt0191733
nm0800439	Carla Simoncelli	\N	\N	editor,music_department	tt0208032,tt0100835,tt0108059,tt0450121
nm0804062	Carl-Olov Skeppstedt	\N	\N	editor	tt0063149,tt0052017,tt0045848,tt0048272
nm0804132	Graham Skidmore	\N	\N	actor,miscellaneous	tt0058323,tt0183776,tt0651840,tt1403968
nm0811065	Timothy Snell	\N	\N	editor,editorial_department,producer	tt0201901,tt0120171,tt2265050,tt0127045
nm0814162	Josef Somr	1934	\N	actor,soundtrack	tt1259775,tt0065241,tt0060802,tt0086477
nm0819368	Daniel Sponsel	\N	\N	director,writer,cinematographer	tt0201728,tt0759725,tt1512271,tt0414854
nm0820028	Bruno Spoerri	\N	\N	composer	tt0119666,tt0262024,tt0107338,tt0071510
nm0821472	John M. Stahl	1886	1950	producer,director,writer	tt0037865,tt0025301,tt0036009,tt0036983
nm0823523	Jimmy Starr	1904	1990	writer,actor,miscellaneous	tt0019867,tt0021442,tt0021113,tt0020031
nm0824009	Nikos Stavridis	\N	1987	actor	tt0199046,tt0180782,tt0144884,tt0207803
nm0824122	Robert Steadman	1944	2010	cinematographer,camera_department,actor	tt0094602,tt0274636,tt0102782,tt0100813
nm0825049	Milan Stefanovic	\N	\N	cinematographer,camera_department	tt0228911,tt0204496,tt0192921,tt0191708
nm0827509	Ford Sterling	1883	1939	actor,director	tt0004670,tt0470941,tt0017382,tt0003679
nm0829480	Jane Ann Stewart	\N	\N	production_designer,art_department,art_director	tt0126886,tt1033575,tt0375063,tt0257360
nm0830857	Tomasz Stockinger	1955	\N	actor	tt0182607,tt0084953,tt0086792,tt0204635
nm0832086	Noreen Stone	\N	\N	writer,miscellaneous	tt0082017,tt0096306,tt0080258,tt0096978
nm0832535	Karel Storkán	\N	\N	writer,miscellaneous	tt0388891,tt0071861,tt0184721,tt0186557
nm0839302	Ming Sung	\N	\N	editor,miscellaneous,director	tt1427286,tt0076955,tt0067824,tt0077850
nm0839726	Gérard Surugue	\N	\N	actor,writer	tt0371552,tt0356972,tt1807824,tt0201701
nm0840485	Nobuhiro Suwa	\N	\N	director,writer,assistant_director	tt0201743,tt0401711,tt0285166,tt0470951
nm0840570	Haruyuki Suzuki	\N	\N	composer	tt3257520,tt2215363,tt0470951,tt0201743
nm0842963	Lidiya Sychyova	\N	\N	actress	tt0201720,tt0004196,tt1823704
nm0843082	Melanie Sykes	1970	\N	actress	tt0950199,tt2044346,tt2553974,tt0338616
nm0843498	Vasilis Syropoulos	\N	\N	editor,editorial_department,sound_department	tt0188527,tt0057892,tt0181600,tt0068939
nm0845752	Patrick Süskind	1949	\N	writer,actor	tt0383041,tt0201712,tt0120037,tt0396171
nm0846308	Ljuba Tadic	1929	2005	actor,writer	tt0172776,tt0081546,tt0072893,tt0070758
nm0847028	Kôkichi Takada	1911	1998	actor	tt0846999,tt0032156,tt0201481,tt0165980
nm0847189	Ryudai Takahashi	\N	\N	actor	tt1189095,tt0201743
nm0848533	Tetsurô Tanba	1922	2006	actor,writer,producer	tt0202604,tt0062512,tt0347618,tt0056058
nm0850483	Booth Tarkington	1869	1946	writer	tt0015145,tt0026056,tt0035015,tt0043880
nm0851637	Mair Tavares	\N	\N	editor,producer,production_manager	tt0424374,tt1841490,tt2746176,tt0114212
nm0852647	John R. Taylor	\N	\N	actor,production_designer,miscellaneous	tt0978764,tt0409459,tt0309593,tt0240515
nm0854149	Virgilio Teixeira	1917	2010	actor	tt0060897,tt0051337,tt0058085,tt0042185
nm0856056	Paul Terry	1887	1971	producer,miscellaneous,writer	tt0139986,tt0150902,tt0150930,tt0362569
nm0857523	Giorgos Theodosiadis	\N	\N	composer,director,music_department	tt0199688,tt0230938,tt0135686,tt0196917
nm0862026	Ingrid Thulin	1926	2004	actress,director,writer	tt0069467,tt0057611,tt0057358,tt0050986
nm0863661	Hans Timmermann	1926	2005	actor,director	tt0087299,tt0247795,tt0378287,tt0269301
nm0863833	Rin Tin Tin	\N	1932	actor	tt0021083,tt0014600,tt0015687,tt0022078
nm0866232	Tatyana Tolstaya	\N	\N	director	tt0201717
nm0867891	Jesús Tordesillas	1893	1973	actor	tt0044356,tt0055873,tt0054895,tt0045933
nm0868534	Carlos Torres Ríos	\N	\N	cinematographer,director,writer	tt0194514,tt0201414,tt0188993,tt0201740
nm0868535	Leopoldo Torres Ríos	1899	1960	writer,director,producer	tt0201557,tt0194514,tt0201585,tt0121631
nm0870351	Schaun Tozer	\N	\N	composer,music_department,soundtrack	tt1419318,tt0156442,tt0845746,tt0116488
nm0873490	Bruno Trompier	\N	\N	assistant_director,actor,writer	tt0234384,tt0830161,tt0087002,tt0089727
nm0874002	Orestes Trucco	1925	2010	producer,director,actor	tt0178569,tt0201750,tt0202038,tt0074166
nm0874687	Kuang-Hua Tseng	\N	\N	composer,sound_department	tt0201093,tt0111153,tt0201129,tt0301110
nm0875040	Stavros Tsiolis	\N	\N	writer,director,assistant_director	tt0237541,tt0089590,tt0300957,tt0257629
nm0875503	Shigeru Tsuyuguchi	1932	\N	actor	tt0113824,tt0057829,tt0068815,tt0082313
nm0876128	Edward Tudor-Pole	1955	\N	actor,soundtrack	tt0295297,tt0091954,tt0100928,tt0180073
nm0876392	Barbara Tulliver	\N	\N	editor,editorial_department,miscellaneous	tt0119256,tt1210042,tt0286106,tt0452637
nm0878448	Carlo Tuzii	\N	\N	director,writer,producer	tt1333129,tt0781552,tt0126922,tt0165169
nm0880680	Klaus Ulrich	\N	\N	cinematographer	tt0201728
nm0882096	Víctor Urruchúa	1912	\N	actor,director,writer	tt0201913,tt0232618,tt0201741,tt0244320
nm0882884	Karel Vacek	1940	2010	art_director,production_designer,art_department	tt0309820,tt0129332,tt0469640,tt0078753
nm0883335	Ladislaus Vajda	1877	1933	writer	tt0022017,tt0021818,tt0018737,tt0021542
nm0885128	Virginia Valli	1896	1968	actress	tt0016230,tt0151751,tt0015498,tt0014463
nm0885178	Robert Vallis	1875	1932	actor	tt0273712,tt0201751,tt0265074,tt0256446
nm0885820	Ned Van Buren	1882	1969	cinematographer	tt0005084,tt0013223,tt0011925,tt0012017
nm0890571	Nikolai Vasilyev	\N	\N	actor	tt0210518,tt0201720,tt0372306,tt0201895
nm0891898	Ramiro Vega	\N	\N	camera_department,cinematographer,art_department	tt0470143,tt0466155,tt0201741,tt0184334
nm0893544	Hilda Vera	\N	1988	actress	tt0095811,tt0201741,tt0072054,tt0076540
nm0895695	Zelito Viana	1938	\N	producer,director,writer	tt0446564,tt0245547,tt0201784,tt0088756
nm0898106	Ricardo Villarán	\N	\N	director,writer	tt0185303,tt0201640,tt0185660,tt0201753
nm0898203	Luis Guillermo Villegas Blanco	\N	\N	producer	tt0201741,tt0158482,tt0069091,tt0201913
nm0899571	Elyseu Visconti	\N	\N	director,cinematographer,producer	tt0201736,tt0205270,tt0324252,tt2762998
nm0900032	Richardas Vitkaitas	\N	\N	actor	tt0201707,tt5988898
nm0900189	Feliciano M. Vitóres	\N	\N	producer,director,camera_department	tt0020177,tt0019517,tt5129566,tt0018807
nm0900628	Aleksandr Vlasov	1922	1992	writer	tt0291021,tt0312381,tt3256396,tt5378166
nm0902395	Ila von Hasperg	\N	\N	editor,actress,assistant_director	tt0082680,tt0113443,tt0074312,tt0075169
nm0904360	Mirjana Vukojcic	1947	2017	actress	tt0228342,tt0201727,tt0215996,tt0199446
nm0907778	H.M. Walker	1878	1937	writer,miscellaneous,actor	tt0014429,tt0023251,tt0278213,tt0019688
nm0908708	Jim Wallace	\N	\N	camera_department,cinematographer,producer	tt0140735,tt0111438,tt0213327,tt0460681
nm0910788	Paulo Wanderley	1903	1973	writer,director,actor	tt0201756,tt0201509,tt0182061,tt0121993
nm0910996	Nathan Wang	1956	\N	composer,music_department,soundtrack	tt0454945,tt0103408,tt0404364,tt0113326
nm0911133	Hedwig Wangel	1875	1961	actress	tt0201729,tt0033973,tt0199671,tt0036818
nm0911609	Jennifer Ward	\N	\N	actress	tt0175592,tt0201739,tt0159206
nm0913831	Makiko Watanabe	1968	\N	actress,writer	tt1128075,tt0201743,tt3230162,tt1086241
nm0917577	Christa Wehling	1928	1996	actress,writer	tt0156117,tt0200266,tt0161798,tt0332043
nm0919256	Norbert Weisser	1946	\N	actor,producer	tt0107120,tt0084787,tt0108052,tt0077928
nm0920918	Elisabeth Wendt	1906	1980	actress	tt0239621,tt0022017,tt0030461,tt0141820
nm0921979	Chandra West	1970	\N	actress	tt0385057,tt0762107,tt0235737,tt0375210
nm0925220	Michael Jai White	1967	\N	actor,writer,producer	tt0443676,tt0468569,tt0120177,tt0346631
nm0932346	Hubert Willis	\N	1933	actor	tt0250992,tt2241635,tt0201751,tt0201580
nm0932952	Adolfo Z. Wilson	\N	\N	producer	tt0194514,tt0201414,tt0191794,tt0201740
nm0934415	Max Wilén	1925	\N	cinematographer,camera_department	tt0067508,tt0056281,tt0051836,tt0052017
nm0934780	Claire Windsor	1892	1972	actress	tt0014202,tt0016523,tt0024568,tt0011979
nm0939473	Fung Woo	1932	\N	actor,director,music_department	tt0093015,tt0089374,tt1852904,tt0101020
nm0941946	Katja Woywood	1971	\N	actress	tt0221885,tt0115088,tt0239406,tt0190117
nm0944366	Stavros Xarhakos	1939	\N	composer,soundtrack,music_department	tt0063218,tt0057229,tt0135512,tt0086182
nm0945048	Tonis Giakovakis	\N	2004	actor	tt0358946,tt0257593,tt1399099,tt0196917
nm0945212	Fûtarô Yamada	1922	2001	writer	tt0089691,tt0082699,tt0856348,tt0475723
nm0945490	Shôhei Yamamoto	1938	\N	actor	tt0201716,tt0211017,tt0088504,tt0260204
nm0945645	Yosuke Yamashita	1942	\N	composer,actor	tt0090951,tt0339748,tt0155796,tt0113174
nm0945779	Teruo Yamoto	\N	\N	producer	tt2214783,tt2214785,tt0201716,tt0250438
nm0947164	James Yee	1947	2001	producer	tt0133302,tt0112267,tt0201709
nm0947285	Lina Yegros	1914	1978	actress	tt0035040,tt0039295,tt0042386,tt0042840
nm0949033	Mari Yoshimura	1935	\N	actress	tt0053659,tt0055732,tt0056135,tt0201718
nm0949593	Hal Young	\N	\N	cinematographer,camera_department	tt0134913,tt0027400,tt0017311,tt0009879
nm0952055	Gal Zaid	1964	\N	actor,writer,editorial_department	tt1405737,tt1090316,tt0278554,tt3830828
nm0955136	George Zervoulakos	\N	\N	director,writer,producer	tt0257740,tt0121534,tt0258203,tt0257958
nm0956134	Richard Ziegler	\N	\N	music_department,composer,soundtrack	tt0317740,tt0258463,tt1133985,tt2302755
nm0956272	Bruno Ziener	1870	1941	actor,director,writer	tt0023563,tt0466074,tt0010947,tt1878966
nm0959575	Roberto Álvarez	1956	\N	actor	tt0303421,tt0270480,tt6471068,tt0287467
nm0960013	Yukari Ôshima	1963	\N	actress,producer,miscellaneous	tt0102293,tt0107393,tt0086683,tt0096469
nm0961826	Simon Tayler	\N	\N	visual_effects,writer,special_effects	tt0056751,tt0098774,tt0355295,tt1038032
nm1004852	Blanca Podestá	1889	1967	actress	tt0191561,tt0201753,tt0189077,tt0191022
nm1011927	Pedro E. Pico	\N	\N	writer	tt0201740,tt0205171,tt0194405,tt0123022
nm1011948	Caslav Popovic	\N	\N	producer,production_manager	tt0199562,tt0200347,tt0199977,tt0228911
nm1022352	Alberto Vacarezza	1886	1959	writer,composer	tt0201309,tt0189077,tt0316375,tt0121491
nm1029136	Lev Drankov	\N	\N	camera_department,cinematographer	tt0291050,tt0201717,tt0165383
nm1030326	Julio Joly	\N	\N	producer	tt0201735
nm1050346	Rena Pagrati	\N	1998	actress,soundtrack	tt1399099,tt1682914,tt0199485,tt1690482
nm1055177	David Cabouli	\N	\N	producer,writer	tt0121773,tt0201740,tt0316223,tt0320319
nm1056461	Susy del Carril	\N	\N	actress	tt0201740,tt0178236,tt0123164,tt0201824
nm1061968	Judy Ben-Asher	\N	\N	actress,casting_department,miscellaneous	tt0139194,tt0354578,tt1633249,tt1286765
nm1069745	Marisol Malaret	1949	\N	actress	tt0372428,tt0305834,tt0290007,tt0429356
nm1073947	Laurence Marks	1948	\N	writer,producer,miscellaneous	tt0094519,tt0096545,tt0108840,tt0106014
nm1075055	Horacio March	\N	\N	production_designer	tt0200726,tt0201702,tt0204330,tt0195151
nm1096107	Eugenio De Briganti	\N	\N	composer	tt0201601,tt0194514,tt0201537,tt0201414
nm1108624	Albert Brés	\N	\N	cinematographer,art_director	tt0203759,tt0219928,tt0307400,tt0171194
nm1146903	Jack de Castro	\N	\N	actor	tt0205270,tt0201736
nm1163787	Chao Lin	\N	\N	cinematographer,camera_department,editor	tt0084922,tt0073916,tt0445840,tt0075959
nm1190785	Stelios Ramakis	\N	\N	cinematographer,editorial_department,miscellaneous	tt0202216,tt0230231,tt0122670,tt0196582
nm1197488	Alex Sibley	1979	\N		tt0257295,tt4396036,tt0351683,tt0217211
nm1213193	Branko Jerinic	1953	\N	actor	tt0201703,tt4348012,tt0478149,tt0105602
nm1220421	Milton Carvalho	\N	\N	actor,camera_department	tt0201756,tt0188232,tt0809457,tt0123299
nm1250773	Irapuã Brasil	\N	\N	actor	tt0201756
nm1250886	Adalberto Carvalho	\N	\N	actor	tt0201756
nm1252348	Hernán Maldonado	\N	\N	writer,producer	tt0201756
nm1281595	Louise Veymiller	\N	\N	actress	tt0201839,tt0201723
nm1282887	Ping Do	\N	\N	actor,director,music_department	tt0193663,tt0064762,tt1441860,tt0201734
nm1314396	Giorgos Georgiou	\N	\N	actor,writer	tt1473095,tt0145016,tt1085716,tt1282042
nm1351617	Tsunagorô Rashômon	1920	\N	actor	tt0054366,tt0201713,tt0055630,tt0051649
nm1354458	David Bodycombe	1973	\N	miscellaneous,writer	tt0346423,tt1294009,tt0098774,tt0272999
nm1420960	Pietro Mander	\N	\N	producer	tt0025470,tt0032905,tt0201755,tt0034022
nm1458340	Markos Defilippou	\N	\N	camera_department,cinematographer	tt0199559,tt0201719,tt0255936,tt0057892
nm1465223	Dara O'Briain	1972	\N	producer,writer,actor	tt1368982,tt2324215,tt0463827,tt0495247
nm1547964	Richard Ayoade	1977	\N	actor,writer,director	tt1298649,tt1440292,tt0787474,tt1825157
nm1591875	David Garone	\N	\N	actor	tt0126846,tt0120173
nm1636647	Bob Thorne	\N	\N	writer	tt0098774
nm1639981	Adam Howarth	1968	\N	special_effects,visual_effects,writer	tt2717822,tt2189461,tt0462504
nm1662916	Chak Yan Mok	\N	\N	camera_department,cinematographer	tt0100019,tt0108618,tt0097866,tt0085864
nm1671530	Stela Mavridou	\N	\N	actress	tt0200965,tt0201714,tt0200565,tt0288774
nm1689335	Voula Avramidou	\N	\N	actress	tt0196525,tt0258204,tt0202369,tt0257977
nm1696579	Maria Reizen	\N	\N	actress	tt0201720
nm1746331	Rudolf Strauß	\N	\N	writer	tt1122823,tt0133891,tt0201729,tt1411863
nm1783317	Luiz Fernando	\N	\N	sound_department,actor	tt0201736,tt0205270
nm1823707	Simon Balderas	\N	\N	editor,cinematographer,director	tt3555216,tt6615112,tt3164890,tt2239699
nm1824677	Tommy Sandhu	\N	\N	actor	tt0088486,tt0493379,tt1705040,tt0427067
nm1908630	Wood-Yau Cheung	\N	\N	actor	tt0206764,tt0207583,tt3603010,tt0207323
nm1930572	Kevin MacLeod	\N	\N	composer,music_department,soundtrack	tt5377302,tt3263530,tt4077110,tt0970179
nm2025599	Daniel Zawadzki	1974	\N	actor,sound_department	tt0182607,tt0244498,tt0479265,tt1283503
nm2048333	Samuel James	\N	\N	actor	tt3302524,tt4307936,tt0096545,tt1541882
nm2110665	Ke Wang	\N	\N	writer	tt0201734,tt1397137,tt0492673,tt0073316
nm2186979	Michael Chin	\N	\N	cinematographer,camera_department,director	tt0094416,tt0092851,tt0762111,tt1013753
nm2203417	Kin-Yip Ho	\N	\N	producer,miscellaneous,director	tt1653949,tt0193645,tt0777885,tt0207620
nm2261796	Burnt Friedman	\N	\N	composer,soundtrack	tt0201728,tt0466044,tt0481369,tt4553438
nm2262327	Spyros Melas	1882	1966	writer	tt0135147,tt0291940,tt0201719
nm2522828	Giorgos Paizis	\N	\N	writer	tt0258320,tt0201724
nm2532692	Wa Ha	\N	\N	actress	tt2287837,tt0201734,tt2848564,tt0187924
nm2571246	Roula Kanellopoulou	\N	\N	actress	tt0201722,tt0076208,tt0200627,tt0230425
nm2596988	Mairi Anerousi	\N	\N	actress	tt0201714,tt0236801
nm2600219	Andreas Haliotis	\N	\N	producer	tt0201724
nm2604487	Spyros Papavasileiou	\N	2009	composer,soundtrack	tt0205481,tt0289553,tt0288674,tt0201722
nm2687196	Peng-Tang Teng	\N	\N	assistant_director,miscellaneous,director	tt0102017,tt0121434,tt0098691,tt0080845
nm2878379	Anita Moya	\N	\N	actress	tt0201750
nm2891071	Mariano Artau	1920	2010	actor	tt0201750
nm2891210	Frankie Bibiloni	\N	\N	actor	tt0201750
nm2907429	Jason Croot	1971	\N	actor,producer,director	tt1640224,tt2070738,tt5181322,tt1603324
nm3102062	Judy Carmen Gonzalez	\N	\N	actress	tt0420223,tt0399445,tt0106977,tt0207201
nm3111641	Angela Scanlon	1983	\N		tt0163488,tt6240026,tt5762226,tt6494664
nm3113521	Yung-Chieh Wu	\N	\N	cinematographer,camera_department	tt0121900,tt1977846,tt0091292,tt0102017
nm3295914	Federico Kirkpatrick	\N	\N	actor	tt0020177
nm3319225	Pablo de la Cruz	\N	\N	actor	tt0020177
nm3359763	Sam Cullingworth	\N	\N	actor,stunts,producer	tt1172570,tt2714724,tt2151849,tt2088010
nm3673346	Anna Gmeyner	1902	1991	writer	tt0023933,tt0022017
nm3909049	Noel Sharkey	\N	\N		tt2510712,tt0163488,tt2039535,tt1660286
nm5235550	Choi Fei	\N	\N	actor	tt2361238,tt0102017,tt0253955
nm5427179	Malte Marks	\N	\N	production_designer,costume_designer,set_decorator	tt0412801,tt0476035,tt0177834,tt0456428
nm5465744	Charlie Quirke	\N	\N	actor	tt7080476,tt2844732,tt4307936,tt0096545
nm6186710	Dan Riordan	\N	\N	actor	tt0201747
nm6186711	Julie Roach	\N	\N	actress	tt0201747
nm6186713	Chris Paine	\N	\N	producer	tt0201747
nm6674437	Miki Watari	\N	\N	actress	tt0201716,tt0254730
nm6801470	Peter Nissen	\N	\N	writer	tt0273835,tt0120175,tt0130248,tt4070102
nm6883878	Mc Jones	\N	\N	actor	tt1397497,tt3010520,tt0112502,tt3949660
nm7486844	Trevor Wright	\N	\N		tt4900108,tt0163488
nm7490400	Anthony Hillier	\N	\N		tt0163488
nm7490401	Matthew Wright	\N	\N		tt0163488
nm8334110	Sethu Vijayakumar	\N	\N		\N
nm8335674	Lucy Rogers	\N	\N		\N
nm8474127	George Triantafyllou	\N	\N	editor,editorial_department,sound_department	tt0230938,tt0466349,tt0201976,tt0201021
nm8516873	Karen Heyworth	\N	\N	actress	tt0098774
nm9025496	Marina Cuturilo	\N	\N	production_designer	tt0201703
